params.8.HeteronetGraph.distance_metrics,params.8.HeteronetGraph.knn_num,test_acc_mean,test_acc_std,test_acc_count,speed_score_mean,speed_score_std,combined_score_mean,combined_score_std,weighted_score_mean,weighted_score_std
cosine,10,0.7071,0.1904,4,0.5068,0.2044,0.7675,0.0765,0.667,0.183
cosine,15,0.7039,0.1934,4,0.5026,0.2036,0.7657,0.0757,0.6636,0.1845
l1,5,0.7478,0.0905,2,0.2981,0.1793,0.7595,0.0083,0.6578,0.1083
l2,5,0.7088,0.1912,4,0.4131,0.224,0.7512,0.0733,0.6496,0.1863
cosine,5,0.6905,0.1798,4,0.5105,0.2145,0.7486,0.0532,0.6545,0.1737
l2,10,0.7082,0.1901,4,0.4127,0.2268,0.7485,0.0768,0.6491,0.1863
l1,15,0.698,0.1912,4,0.406,0.2246,0.7422,0.0786,0.6396,0.1858
l2,15,0.7008,0.1858,4,0.4055,0.2303,0.7414,0.0677,0.6417,0.1818
l1,10,0.7004,0.1912,4,0.3767,0.2206,0.7342,0.083,0.6357,0.1894
