params.8.HeteronetGraph.distance_metrics,params.8.HeteronetGraph.knn_num,test_acc_mean,test_acc_std,test_acc_count,speed_score_mean,speed_score_std,combined_score_mean,combined_score_std,weighted_score
cosine,10,0.7193,0.1671,5,0.5939,0.2632,0.7862,0.0784,0.6942200000000001
cosine,15,0.7283,0.1762,5,0.5916,0.2659,0.7862,0.08,0.7009599999999999
l2,5,0.725,0.1695,5,0.5188,0.3057,0.7731,0.0803,0.6837599999999999
cosine,5,0.6987,0.1568,5,0.5988,0.271,0.7703,0.0669,0.67872
l2,10,0.7253,0.169,5,0.5183,0.307,0.7661,0.0773,0.6839
l2,15,0.7215,0.1674,5,0.5114,0.3096,0.7603,0.0722,0.6794800000000001
l1,5,0.7478,0.0905,2,0.2981,0.1793,0.7595,0.0083,0.65786
l1,10,0.7176,0.17,5,0.49,0.3172,0.7584,0.09,0.67208
l1,15,0.72,0.1727,5,0.5114,0.3056,0.7583,0.0771,0.67828
