params.2.SpaGCNGraph.alpha,params.2.SpaGCNGraph.beta,ARI_mean,ARI_std,ARI_count,speed_score_mean,speed_score_std,combined_score_mean,combined_score_std,weighted_score_mean,weighted_score_std
2.5,49,0.252,0.0709,5,0.3654,0.2063,0.4925,0.0318,0.2974,0.0946
1.0,60,0.2499,0.0832,5,0.3446,0.2295,0.49,0.0344,0.2878,0.0998
1.0,49,0.2199,0.075,5,0.3922,0.1695,0.4882,0.0191,0.2888,0.0429
1.0,40,0.2566,0.0872,5,0.2954,0.2142,0.488,0.0496,0.2721,0.1147
2.0,40,0.2647,0.0905,5,0.3208,0.2346,0.4825,0.0393,0.2872,0.0993
2.5,40,0.2522,0.0742,5,0.3456,0.1998,0.4787,0.0613,0.2896,0.0986
2.0,49,0.2324,0.0667,5,0.2971,0.1666,0.4771,0.0438,0.2583,0.0915
2.5,60,0.2469,0.0857,5,0.28,0.1341,0.4757,0.0229,0.2602,0.0539
2.0,60,0.2651,0.0969,5,0.2868,0.1574,0.4752,0.0333,0.2738,0.1057
