params.3.BBKNNConstruction.edge_ratio,params.3.BBKNNConstruction.n_neighbors,test_acc_mean,test_acc_std,test_acc_count,speed_score_mean,speed_score_std,combined_score_mean,combined_score_std,weighted_score_mean,weighted_score_std
2.5,10,0.7053,0.2053,4,0.3648,0.1844,0.7556,0.0934,0.6713,0.195
2.0,10,0.7053,0.2053,4,0.3575,0.1869,0.7541,0.0942,0.6705,0.1954
1.5,10,0.7053,0.2053,4,0.353,0.166,0.7532,0.093,0.6701,0.1941
1.5,15,0.7096,0.1942,4,0.3364,0.1729,0.75,0.0954,0.6723,0.1853
2.5,15,0.7096,0.1942,4,0.3307,0.1793,0.7488,0.0953,0.6717,0.1855
2.0,15,0.7096,0.1942,4,0.3286,0.1819,0.7484,0.0964,0.6715,0.186
1.5,20,0.7093,0.2036,4,0.3295,0.1802,0.7459,0.0935,0.6713,0.1925
2.0,20,0.7093,0.2036,4,0.3285,0.1848,0.7457,0.0934,0.6712,0.1926
2.5,20,0.7093,0.2036,4,0.3254,0.1832,0.7451,0.0928,0.6709,0.1923
